"Type","Address","Data","User","Wide"
"R","0x20054","","0x64","F"
"W","671152","0xc2460362","0xea","T"
"W","915967","3770455275","0","T"
"R","858689","","0x50","T"
"R","819210","","0x0","F"
"R","0x1a361a","","0x1b","T"
"W","0x14e4f","14","107","F"
"R","805161","","104","F"
"R","400302","","21","T"
"R","0xeb688","","21","F"
"R","0x1a3e2e","","137","F"
"W","0x163440","2796939268","248","T"
"R","0x159202","","0xff","T"
"W","1570650","0x40","0xe1","F"
"W","0xfc989","183","0xa8","F"
"W","0x1b0b20","0xf0","0x45","F"
"R","0x1019fe","","0xb1","F"
"R","1340899","","0xe7","T"
"R","1543993","","0x85","T"
"W","0x7a19d","946683824","255","T"
"R","923988","","0","T"
"R","0x198ba7","","0x0","F"
"W","309079","0xb136f10f","0x42","T"
"R","1127850","","146","T"
"R","0x1b4ee5","","0x8c","F"
"R","0x1b761","","0xc1","T"
"W","757176","1212143703","0x64","T"
"R","419343","","160","T"
"R","1519846","","14","T"
"W","0x109db2","0xb8d3a85d","248","T"
"R","0x13bf68","","0x9e","F"
"R","12845","","239","F"
"W","0xf5f79","38","0xe9","F"
"W","1487096","1961379465","94","T"
"W","1572431","134","227","F"
"R","0x94edb","","168","T"
"W","397624","3716121752","136","T"
"R","0x16dfd2","","65","T"
"W","0x1c383c","71","14","F"
"W","0x1ef565","0xbf","0x85","F"
"W","84824","2863596009","0x34","T"
"W","1707260","0x4e","114","F"
"R","1104757","","89","T"
"W","0x7a47b","208137695","0xa7","T"
"W","0xb424e","254","0xbb","F"
"W","783396","3277180995","0x19","T"
"R","432879","","0x65","F"
"R","408897","","0x56","F"
"R","0x192b45","","11","T"
"W","243580","944001626","0x8d","T"
"W","2038269","0xb1","0xbb","F"
"R","0x1b9397","","0xd7","T"
"W","380036","44","0xdd","F"
"W","0x89d46","799715027","0xff","T"
"W","0x1bda88","0xef","22","F"
"R","0x1e4151","","227","F"
"W","914085","54307307","0x0","T"
"W","1597218","0xac","124","F"
"W","1838138","3970004485","0xdf","T"
"W","0x8b883","71","156","F"
"W","1886536","46387290","30","T"
"R","0x85f3c","","32","T"
"W","228419","96","0x5","F"
"W","0xa3901","0x1a","255","F"
"W","1135592","0xd3","0x1","F"
"W","0xbe9dd","241","0xff","F"
"R","696112","","0x90","F"
"R","0xe93fc","","255","F"
"R","0x64a26","","0x2f","F"
"R","0x1da7aa","","149","F"
"R","0xacb5d","","0","F"
"W","460550","983321122","0x72","T"
"W","2059111","54","0x65","F"
"R","0x1a9dba","","70","T"
"R","884835","","12","T"
"W","491984","0x7bb8f283","0x3b","T"
"W","879574","0x9c","131","F"
"R","526730","","21","T"
"W","1428640","3961884601","125","T"
"R","141125","","23","T"
"W","0x15af56","1012200611","0xc8","T"
"R","1271752","","0x8c","F"
"R","611017","","0x28","T"
"R","62680","","237","T"
"W","223714","0x23","0xe","F"
"R","1547380","","255","T"
"W","0xe0194","0x12","0x96","F"
"W","0x8fa88","0x87","0x83","F"
"W","968672","0x8c","0x6f","F"
"R","0x1e8259","","170","F"
"W","1310741","0x3b72740a","0","T"
"W","0x139ba","165","0xf1","F"
"R","100290","","244","T"
"R","0x1d696b","","0xab","T"
"R","257382","","100","F"
"R","143525","","231","F"
"W","272751","2097514584","0xf6","T"
"W","0x934d6","0xa1","115","F"
"R","205969","","0xdc","F"
"R","1032882","","0x91","T"
